sample_name,stimulation_date,submission_date,i5_tag,i5_sequence,i7_tag,i7_sequence,nextera_tag,multiplex_pool,bioanalyzer,nextera_kit,comment
bima_A_ATAC,12/12/2014,20/01/2015,N502,CTCTCTAT,N702,CGTACTAG,Nextera tag_14,0,yes,kit_24_1,
bima_B_ATAC,12/12/2014,20/01/2015,N502,CTCTCTAT,N701,TAAGGCGA,Nextera tag_13,0,yes,kit_24_1,
bima_C_ATAC,12/12/2014,20/01/2015,N502,CTCTCTAT,N704,TCCTGAGC,Nextera tag_16,0,yes,kit_24_1,
bima_D_ATAC,12/12/2014,20/01/2015,N502,CTCTCTAT,N703,AGGCAGAA,Nextera tag_15,0,yes,kit_24_1,
eofe_A_ATAC,12/12/2014,20/01/2015,N502,CTCTCTAT,N706,TAGGCATG,Nextera tag_18,0,yes,kit_24_1,
eofe_B_ATAC,12/12/2014,20/01/2015,N502,CTCTCTAT,N705,GGACTCCT,Nextera tag_17,0,yes,kit_24_1,
eofe_C_ATAC,12/12/2014,20/01/2015,N503,TATCCTCT,N702,CGTACTAG,Nextera tag_26,0,yes,kit_24_1,
eofe_D_ATAC,12/12/2014,20/01/2015,N503,TATCCTCT,N701,TAAGGCGA,Nextera tag_25,0,yes,kit_24_1,
eika_B_ATAC,17/04/2015,20/05/2015,N502,CTCTCTAT,N701,TAAGGCGA,Nextera tag_13,1,yes,kit_24_2,
eika_A_ATAC,17/04/2015,20/05/2015,N503,TATCCTCT,N701,TAAGGCGA,Nextera tag_25,1,yes,kit_24_2,
ieki_B_ATAC,17/04/2015,20/05/2015,N502,CTCTCTAT,N702,CGTACTAG,Nextera tag_14,1,yes,kit_24_2,
ieki_A_ATAC,17/04/2015,20/05/2015,N503,TATCCTCT,N702,CGTACTAG,Nextera tag_26,1,yes,kit_24_2,
nusw_B_ATAC,17/04/2015,20/05/2015,N502,CTCTCTAT,N703,AGGCAGAA,Nextera tag_15,1,yes,kit_24_2,
nusw_A_ATAC,17/04/2015,20/05/2015,N503,TATCCTCT,N703,AGGCAGAA,Nextera tag_27,1,yes,kit_24_2,
ruyv_B_ATAC,17/04/2015,20/05/2015,N502,CTCTCTAT,N704,TCCTGAGC,Nextera tag_16,1,yes,kit_24_2,
ruyv_A_ATAC,17/04/2015,20/05/2015,N503,TATCCTCT,N704,TCCTGAGC,Nextera tag_28,1,yes,kit_24_2,
uimo_B_ATAC,17/04/2015,20/05/2015,N502,CTCTCTAT,N705,GGACTCCT,Nextera tag_17,1,yes,kit_24_2,
uimo_A_ATAC,17/04/2015,20/05/2015,N503,TATCCTCT,N705,GGACTCCT,Nextera tag_29,1,yes,kit_24_2,
cicb_B_ATAC,24/04/2015,20/05/2015,N517,GCGTAAGA,N701,TAAGGCGA,Nextera tag_1,1,yes,kit_24_2,
cicb_A_ATAC,24/04/2015,20/05/2015,N517,GCGTAAGA,N702,CGTACTAG,Nextera tag_2,1,yes,kit_24_2,
cicb_D_ATAC,24/04/2015,20/05/2015,N517,GCGTAAGA,N703,AGGCAGAA,Nextera tag_3,1,yes,kit_24_2,
cicb_C_ATAC,24/04/2015,20/05/2015,N517,GCGTAAGA,N704,TCCTGAGC,Nextera tag_4,1,yes,kit_24_2,
vass_B_ATAC,24/04/2015,20/05/2015,N504,AGAGTAGA,N701,TAAGGCGA,Nextera tag_37,1,yes,kit_24_2,
vass_A_ATAC,24/04/2015,20/05/2015,N504,AGAGTAGA,N702,CGTACTAG,Nextera tag_38,1,yes,kit_24_2,
vass_D_ATAC,24/04/2015,20/05/2015,N504,AGAGTAGA,N703,AGGCAGAA,Nextera tag_39,1,yes,kit_24_2,
vass_C_ATAC,24/04/2015,20/05/2015,N504,AGAGTAGA,N704,TCCTGAGC,Nextera tag_40,1,yes,kit_24_2,
oefg_B_ATAC,06/05/2015,20/05/2015,N517,GCGTAAGA,N701,TAAGGCGA,Nextera tag_1,2,yes,kit_24_3,
oefg_A_ATAC,06/05/2015,20/05/2015,N517,GCGTAAGA,N702,CGTACTAG,Nextera tag_2,2,yes,kit_24_3,
veqz_B_ATAC,06/05/2015,20/05/2015,N517,GCGTAAGA,N703,AGGCAGAA,Nextera tag_3,2,yes,kit_24_3,
veqz_A_ATAC,06/05/2015,20/05/2015,N517,GCGTAAGA,N704,TCCTGAGC,Nextera tag_4,2,yes,kit_24_3,
pahc_B_ATAC,06/05/2015,20/05/2015,N504,AGAGTAGA,N701,TAAGGCGA,Nextera tag_37,2,yes,kit_24_3,
pahc_A_ATAC,06/05/2015,20/05/2015,N504,AGAGTAGA,N702,CGTACTAG,Nextera tag_38,2,yes,kit_24_3,
sukz_B_ATAC,06/05/2015,20/05/2015,N504,AGAGTAGA,N703,AGGCAGAA,Nextera tag_39,2,yes,kit_24_3,
sukz_A_ATAC,06/05/2015,20/05/2015,N504,AGAGTAGA,N704,TCCTGAGC,Nextera tag_40,2,yes,kit_24_3,
xucm_B_ATAC,13/05/2015,20/05/2015,N502,CTCTCTAT,N701,TAAGGCGA,Nextera tag_13,2,yes,kit_24_3,
xucm_A_ATAC,13/05/2015,20/05/2015,N502,CTCTCTAT,N702,CGTACTAG,Nextera tag_14,2,yes,kit_24_3,
joxm_B_ATAC,13/05/2015,20/05/2015,N502,CTCTCTAT,N703,AGGCAGAA,Nextera tag_15,2,yes,kit_24_3,
joxm_A_ATAC,13/05/2015,20/05/2015,N502,CTCTCTAT,N704,TCCTGAGC,Nextera tag_16,2,yes,kit_24_3,
iisa_A_ATAC,13/05/2015,20/05/2015,N503,TATCCTCT,N701,TAAGGCGA,Nextera tag_25,2,yes,kit_24_3,
iisa_B_ATAC,13/05/2015,20/05/2015,N503,TATCCTCT,N702,CGTACTAG,Nextera tag_26,2,yes,kit_24_3,
eojr_B_ATAC,13/05/2015,20/05/2015,N503,TATCCTCT,N703,AGGCAGAA,Nextera tag_27,2,yes,kit_24_3,
eojr_A_ATAC,13/05/2015,20/05/2015,N503,TATCCTCT,N704,TCCTGAGC,Nextera tag_28,2,yes,kit_24_3,
hiaf_B_ATAC,22/07/2015,24/08/2015,N517,GCGTAAGA,N701,TAAGGCGA,Nextera_tag_1,3,yes,kit_96,
hiaf_A_ATAC,22/07/2015,24/08/2015,N502,CTCTCTAT,N701,TAAGGCGA,Nextera_tag_13,3,yes,kit_96,
hiaf_D_ATAC,22/07/2015,24/08/2015,N503,TATCCTCT,N701,TAAGGCGA,Nextera_tag_25,3,yes,kit_96,
hiaf_C_ATAC,22/07/2015,24/08/2015,N504,AGAGTAGA,N701,TAAGGCGA,Nextera_tag_37,3,yes,kit_96,
kuxp_B_ATAC,22/07/2015,24/08/2015,N505,GTAAGGAG,N701,TAAGGCGA,Nextera_tag_49,3,yes,kit_96,
kuxp_A_ATAC,22/07/2015,24/08/2015,N506,ACTGCATA,N701,TAAGGCGA,Nextera_tag_61,3,yes,kit_96,
kuxp_D_ATAC,22/07/2015,24/08/2015,N507,AAGGAGTA,N701,TAAGGCGA,Nextera_tag_73,3,yes,kit_96,
kuxp_C_ATAC,22/07/2015,24/08/2015,N508,CTAAGCCT,N701,TAAGGCGA,Nextera_tag_85,3,yes,kit_96,
podx_B_ATAC,22/07/2015,24/08/2015,N517,GCGTAAGA,N702,CGTACTAG,Nextera_tag_2,3,,kit_96,
podx_A_ATAC,22/07/2015,24/08/2015,N502,CTCTCTAT,N702,CGTACTAG,Nextera_tag_14,3,,kit_96,
podx_D_ATAC,22/07/2015,24/08/2015,N503,TATCCTCT,N702,CGTACTAG,Nextera_tag_26,3,,kit_96,
podx_C_ATAC,30/07/2015,24/08/2015,N504,AGAGTAGA,N702,CGTACTAG,Nextera_tag_38,3,yes,kit_96,
xugn_B_ATAC,22/07/2015,24/08/2015,N505,GTAAGGAG,N702,CGTACTAG,Nextera_tag_50,3,,kit_96,
xugn_A_ATAC,22/07/2015,24/08/2015,N506,ACTGCATA,N702,CGTACTAG,Nextera_tag_62,3,,kit_96,
xugn_D_ATAC,22/07/2015,24/08/2015,N507,AAGGAGTA,N702,CGTACTAG,Nextera_tag_74,3,,kit_96,
xugn_C_ATAC,30/07/2015,24/08/2015,N508,CTAAGCCT,N702,CGTACTAG,Nextera_tag_86,3,yes,kit_96,
oapg_B_ATAC,31/07/2015,24/08/2015,N517,GCGTAAGA,N703,AGGCAGAA,Nextera_tag_3,3,yes,kit_96,
oapg_A_ATAC,31/07/2015,24/08/2015,N502,CTCTCTAT,N703,AGGCAGAA,Nextera_tag_14,3,yes,kit_96,
oapg_D_ATAC,31/07/2015,24/08/2015,N503,TATCCTCT,N703,AGGCAGAA,Nextera_tag_27,3,yes,kit_96,
oapg_C_ATAC,31/07/2015,24/08/2015,N504,AGAGTAGA,N703,AGGCAGAA,Nextera_tag_39,3,yes,kit_96,
pamv_B_ATAC,31/07/2015,24/08/2015,N505,GTAAGGAG,N703,AGGCAGAA,Nextera_tag_51,3,yes,kit_96,
pamv_A_ATAC,31/07/2015,24/08/2015,N506,ACTGCATA,N703,AGGCAGAA,Nextera_tag_63,3,yes,kit_96,
pamv_D_ATAC,31/07/2015,24/08/2015,N507,AAGGAGTA,N703,AGGCAGAA,Nextera_tag_75,3,yes,kit_96,
pamv_C_ATAC,31/07/2015,24/08/2015,N508,CTAAGCCT,N703,AGGCAGAA,Nextera_tag_87,3,yes,kit_96,
eipl_B_ATAC,04/08/2015,24/08/2015,N517,GCGTAAGA,N704,TCCTGAGC,Nextera_tag_4,3,,kit_96,
eipl_A_ATAC,04/08/2015,24/08/2015,N502,CTCTCTAT,N704,TCCTGAGC,Nextera_tag_16,3,,kit_96,
eipl_D_ATAC,04/08/2015,24/08/2015,N503,TATCCTCT,N704,TCCTGAGC,Nextera_tag_28,3,,kit_96,
eipl_C_ATAC,04/08/2015,24/08/2015,N504,AGAGTAGA,N704,TCCTGAGC,Nextera_tag_40,3,,kit_96,
febc_B_ATAC,04/08/2015,24/08/2015,N505,GTAAGGAG,N704,TCCTGAGC,Nextera_tag_52,3,,kit_96,
febc_A_ATAC,04/08/2015,24/08/2015,N506,ACTGCATA,N704,TCCTGAGC,Nextera_tag_64,3,,kit_96,
febc_D_ATAC,04/08/2015,24/08/2015,N507,AAGGAGTA,N704,TCCTGAGC,Nextera_tag_76,3,,kit_96,
febc_C_ATAC,04/08/2015,24/08/2015,N508,CTAAGCCT,N704,TCCTGAGC,Nextera_tag_88,3,,kit_96,
heja_B_ATAC,12/08/2015,24/08/2015,N517,GCGTAAGA,N705,GGACTCCT,Nextera_tag_5,3,yes,kit_96,
heja_A_ATAC,12/08/2015,24/08/2015,N502,CTCTCTAT,N705,GGACTCCT,Nextera_tag_17,3,yes,kit_96,
heja_D_ATAC,12/08/2015,24/08/2015,N503,TATCCTCT,N705,GGACTCCT,Nextera_tag_29,3,yes,kit_96,
heja_C_ATAC,12/08/2015,24/08/2015,N504,AGAGTAGA,N705,GGACTCCT,Nextera_tag_41,3,yes,kit_96,
pelm_B_ATAC,12/08/2015,24/08/2015,N505,GTAAGGAG,N705,GGACTCCT,Nextera_tag_53,3,yes,kit_96,
pelm_A_ATAC,12/08/2015,24/08/2015,N506,ACTGCATA,N705,GGACTCCT,Nextera_tag_65,3,yes,kit_96,
pelm_D_ATAC,12/08/2015,24/08/2015,N507,AAGGAGTA,N705,GGACTCCT,Nextera_tag_77,3,yes,kit_96,
pelm_C_ATAC,12/08/2015,24/08/2015,N508,CTAAGCCT,N705,GGACTCCT,Nextera_tag_89,3,yes,kit_96,
hayt_B_ATAC,09/10/2015,,N517,GCGTAAGA,N706,TAGGCATG,Nextera_tag_6,,yes,kit_96,
hayt_A_ATAC,09/10/2015,,N502,CTCTCTAT,N706,TAGGCATG,Nextera_tag_18,,yes,kit_96,
hayt_D_ATAC,09/10/2015,,N503,TATCCTCT,N706,TAGGCATG,Nextera_tag_30,,yes,kit_96,
hayt_C_ATAC,09/10/2015,,N504,AGAGTAGA,N706,TAGGCATG,Nextera_tag_42,,yes,kit_96,
oevr_B_ATAC,09/10/2015,,N505,GTAAGGAG,N706,TAGGCATG,Nextera_tag_54,,yes,kit_96,
oevr_A_ATAC,09/10/2015,,N506,ACTGCATA,N706,TAGGCATG,Nextera_tag_66,,yes,kit_96,
oevr_D_ATAC,09/10/2015,,N507,AAGGAGTA,N706,TAGGCATG,Nextera_tag_78,,yes,kit_96,
oevr_C_ATAC,09/10/2015,,N508,CTAAGCCT,N706,TAGGCATG,Nextera_tag_90,,yes,kit_96,
fafq_B_ATAC,14/10/2015,,N517,GCGTAAGA,N707,CTCTCTAC,Nextera_tag_7,,yes,kit_96,
fafq_A_ATAC,14/10/2015,,N502,CTCTCTAT,N707,CTCTCTAC,Nextera_tag_19,,yes,kit_96,
fafq_D_ATAC,14/10/2015,,N503,TATCCTCT,N707,CTCTCTAC,Nextera_tag_31,,yes,kit_96,
fafq_C_ATAC,14/10/2015,,N504,AGAGTAGA,N707,CTCTCTAC,Nextera_tag_43,,yes,kit_96,
sojd_B_ATAC,14/10/2015,,N505,GTAAGGAG,N707,CTCTCTAC,Nextera_tag_55,,yes,kit_96,
sojd_A_ATAC,14/10/2015,,N506,ACTGCATA,N707,CTCTCTAC,Nextera_tag_67,,yes,kit_96,
sojd_D_ATAC,14/10/2015,,N507,AAGGAGTA,N707,CTCTCTAC,Nextera_tag_79,,yes,kit_96,
sojd_C_ATAC,14/10/2015,,N508,CTAAGCCT,N707,CTCTCTAC,Nextera_tag_91,,yes,kit_96,
nukw_B_ATAC,27/10/2015,,N517,GCGTAAGA,N708,CAGAGAGG,Nextera_tag_8,,yes,kit_96,
nukw_A_ATAC,27/10/2015,,N502,CTCTCTAT,N708,CAGAGAGG,Nextera_tag_20,,yes,kit_96,
nukw_D_ATAC,27/10/2015,,N503,TATCCTCT,N708,CAGAGAGG,Nextera_tag_32,,yes,kit_96,
nukw_C_ATAC,27/10/2015,,N504,AGAGTAGA,N708,CAGAGAGG,Nextera_tag_44,,yes,kit_96,
uaqe_B_ATAC,27/10/2015,,N505,GTAAGGAG,N708,CAGAGAGG,Nextera_tag_56,,yes,kit_96,
uaqe_A_ATAC,27/10/2015,,N506,ACTGCATA,N708,CAGAGAGG,Nextera_tag_68,,yes,kit_96,
uaqe_D_ATAC,27/10/2015,,N507,AAGGAGTA,N708,CAGAGAGG,Nextera_tag_80,,yes,kit_96,
uaqe_C_ATAC,27/10/2015,,N508,CTAAGCCT,N708,CAGAGAGG,Nextera_tag_92,,yes,kit_96,
coyi_B_ATAC,05/11/2015,,N517,GCGTAAGA,N709,GCTACGCT,Nextera_tag_9,,yes,kit_96,
coyi_A_ATAC,05/11/2015,,N502,CTCTCTAT,N709,GCTACGCT,Nextera_tag_21,,yes,kit_96,
coyi_D_ATAC,05/11/2015,,N503,TATCCTCT,N709,GCTACGCT,Nextera_tag_33,,yes,kit_96,
coyi_C_ATAC,05/11/2015,,N504,AGAGTAGA,N709,GCTACGCT,Nextera_tag_45,,yes,kit_96,
fikt_B_ATAC,05/11/2015,,N505,GTAAGGAG,N709,GCTACGCT,Nextera_tag_57,,yes,kit_96,
fikt_A_ATAC,05/11/2015,,N506,ACTGCATA,N709,GCTACGCT,Nextera_tag_69,,yes,kit_96,
fikt_D_ATAC,05/11/2015,,N507,AAGGAGTA,N709,GCTACGCT,Nextera_tag_81,,yes,kit_96,
fikt_C_ATAC,05/11/2015,,N508,CTAAGCCT,N709,GCTACGCT,Nextera_tag_93,,yes,kit_96,
hehd_B_ATAC,05/11/2015,,N517,GCGTAAGA,N710,CGAGGCTG,Nextera_tag_10,,yes,kit_96,
hehd_A_ATAC,05/11/2015,,N502,CTCTCTAT,N710,CGAGGCTG,Nextera_tag_22,,yes,kit_96,
hehd_D_ATAC,05/11/2015,,N503,TATCCTCT,N710,CGAGGCTG,Nextera_tag_34,,yes,kit_96,
hehd_C_ATAC,05/11/2015,,N504,AGAGTAGA,N710,CGAGGCTG,Nextera_tag_46,,yes,kit_96,
iill_B_ATAC,05/11/2015,,N505,GTAAGGAG,N710,CGAGGCTG,Nextera_tag_58,,yes,kit_96,
iill_A_ATAC,05/11/2015,,N506,ACTGCATA,N710,CGAGGCTG,Nextera_tag_70,,yes,kit_96,
iill_D_ATAC,05/11/2015,,N507,AAGGAGTA,N710,CGAGGCTG,Nextera_tag_82,,yes,kit_96,
iill_C_ATAC,05/11/2015,,N508,CTAAGCCT,N710,CGAGGCTG,Nextera_tag_94,,yes,kit_96,
diku_B_ATAC,13/11/2015,,N517,GCGTAAGA,N711,AAGAGGCA,Nextera_tag_11,,yes,kit_96,
diku_A_ATAC,13/11/2015,,N502,CTCTCTAT,N711,AAGAGGCA,Nextera_tag_23,,yes,kit_96,
diku_D_ATAC,13/11/2015,,N503,TATCCTCT,N711,AAGAGGCA,Nextera_tag_35,,yes,kit_96,new buffer
diku_C_ATAC,13/11/2015,,N504,AGAGTAGA,N711,AAGAGGCA,Nextera_tag_47,,yes,kit_96,new buffer
qolg_B_ATAC,13/11/2015,,N505,GTAAGGAG,N711,AAGAGGCA,Nextera_tag_59,,yes,kit_96,
qolg_A_ATAC,13/11/2015,,N506,ACTGCATA,N711,AAGAGGCA,Nextera_tag_71,,yes,kit_96,
qolg_D_ATAC,13/11/2015,,N507,AAGGAGTA,N711,AAGAGGCA,Nextera_tag_83,,yes,kit_96,new buffer
qolg_C_ATAC,13/11/2015,,N508,CTAAGCCT,N711,AAGAGGCA,Nextera_tag_95,,yes,kit_96,new buffer
guss_B_ATAC,18/11/2015,,N517,GCGTAAGA,N712,GTAGAGGA,Nextera_tag_12,,yes,kit_24_4,
guss_A_ATAC,18/11/2015,,N502,CTCTCTAT,N712,GTAGAGGA,Nextera_tag_24,,yes,kit_24_4,
guss_D_ATAC,18/11/2015,,N503,TATCCTCT,N712,GTAGAGGA,Nextera_tag_36,,yes,kit_24_4,
guss_C_ATAC,18/11/2015,,N504,AGAGTAGA,N712,GTAGAGGA,Nextera_tag_48,,yes,kit_24_4,
qaqx_B_ATAC,18/11/2015,,N505,GTAAGGAG,N712,GTAGAGGA,Nextera_tag_60,,yes,kit_24_4,
qaqx_A_ATAC,18/11/2015,,N506,ACTGCATA,N712,GTAGAGGA,Nextera_tag_72,,yes,kit_24_4,
qaqx_D_ATAC,18/11/2015,,N507,AAGGAGTA,N712,GTAGAGGA,Nextera_tag_84,,yes,kit_24_4,
qaqx_C_ATAC,18/11/2015,,N508,CTAAGCCT,N712,GTAGAGGA,Nextera_tag_96,,yes,kit_24_4,
zaui_B_ATAC,18/11/2015,,N517,GCGTAAGA,N701,TAAGGCGA,Nextera_tag_1,,yes,kit_24_4,
zaui_A_ATAC,18/11/2015,,N502,CTCTCTAT,N701,TAAGGCGA,Nextera_tag_13,,yes,kit_24_4,
zaui_D_ATAC,18/11/2015,,N503,TATCCTCT,N701,TAAGGCGA,Nextera_tag_25,,yes,kit_24_4,
zaui_C_ATAC,18/11/2015,,N504,AGAGTAGA,N701,TAAGGCGA,Nextera_tag_37,,yes,kit_24_4,
eiwy_B_ATAC,02/12/2015,,N505,GTAAGGAG,N701,TAAGGCGA,Nextera_tag_49,,,kit_24_4,
eiwy_A_ATAC,02/12/2015,,N506,ACTGCATA,N701,TAAGGCGA,Nextera_tag_61,,,kit_24_4,
eiwy_D_ATAC,02/12/2015,,N507,AAGGAGTA,N701,TAAGGCGA,Nextera_tag_73,,,kit_24_4,
eiwy_C_ATAC,02/12/2015,,N508,CTAAGCCT,N701,TAAGGCGA,Nextera_tag_85,,,kit_24_4,